<annotation>
	<folder>images</folder>
	<filename>flatskrew_36.jpg</filename>
	<path>/home/sandaru/Toolbot Finale/tflite-custom-object-bookworm-main/images/flatskrew_36.jpg</path>
	<source>
		<database>Unknown</database>
	</source>
	<size>
		<width>640</width>
		<height>480</height>
		<depth>3</depth>
	</size>
	<segmented>0</segmented>
	<object>
		<name>flatskrew</name>
		<pose>Unspecified</pose>
		<truncated>0</truncated>
		<difficult>0</difficult>
		<bndbox>
			<xmin>114</xmin>
			<ymin>166</ymin>
			<xmax>613</xmax>
			<ymax>293</ymax>
		</bndbox>
	</object>
</annotation>
