<annotation>
	<folder>images</folder>
	<filename>flatskrew_28.jpg</filename>
	<path>/home/sandaru/Toolbot Finale/tflite-custom-object-bookworm-main/images/flatskrew_28.jpg</path>
	<source>
		<database>Unknown</database>
	</source>
	<size>
		<width>640</width>
		<height>480</height>
		<depth>3</depth>
	</size>
	<segmented>0</segmented>
	<object>
		<name>flatskrew</name>
		<pose>Unspecified</pose>
		<truncated>1</truncated>
		<difficult>0</difficult>
		<bndbox>
			<xmin>212</xmin>
			<ymin>122</ymin>
			<xmax>640</xmax>
			<ymax>204</ymax>
		</bndbox>
	</object>
</annotation>
