<annotation>
	<folder>images</folder>
	<filename>spanner2.jpg</filename>
	<path>/home/sandaru/Toolbot Finale/tflite-custom-object-bookworm-main/images/spanner2.jpg</path>
	<source>
		<database>Unknown</database>
	</source>
	<size>
		<width>640</width>
		<height>480</height>
		<depth>3</depth>
	</size>
	<segmented>0</segmented>
	<object>
		<name>redskrew</name>
		<pose>Unspecified</pose>
		<truncated>0</truncated>
		<difficult>0</difficult>
		<bndbox>
			<xmin>136</xmin>
			<ymin>279</ymin>
			<xmax>435</xmax>
			<ymax>312</ymax>
		</bndbox>
	</object>
</annotation>
