<annotation>
	<folder>images</folder>
	<filename>spanner11.jpg</filename>
	<path>/home/sandaru/Toolbot Finale/tflite-custom-object-bookworm-main/images/spanner11.jpg</path>
	<source>
		<database>Unknown</database>
	</source>
	<size>
		<width>640</width>
		<height>480</height>
		<depth>3</depth>
	</size>
	<segmented>0</segmented>
	<object>
		<name>redskrew</name>
		<pose>Unspecified</pose>
		<truncated>1</truncated>
		<difficult>0</difficult>
		<bndbox>
			<xmin>223</xmin>
			<ymin>248</ymin>
			<xmax>278</xmax>
			<ymax>480</ymax>
		</bndbox>
	</object>
</annotation>
