<annotation>
	<folder>images</folder>
	<filename>spannertool21.jpg</filename>
	<path>/home/sandaru/Toolbot Finale/tflite-custom-object-bookworm-main/images/spannertool21.jpg</path>
	<source>
		<database>Unknown</database>
	</source>
	<size>
		<width>640</width>
		<height>480</height>
		<depth>3</depth>
	</size>
	<segmented>0</segmented>
	<object>
		<name>redskrew</name>
		<pose>Unspecified</pose>
		<truncated>1</truncated>
		<difficult>0</difficult>
		<bndbox>
			<xmin>400</xmin>
			<ymin>148</ymin>
			<xmax>640</xmax>
			<ymax>370</ymax>
		</bndbox>
	</object>
</annotation>
