<annotation>
	<folder>images</folder>
	<filename>spannertool18.jpg</filename>
	<path>/home/sandaru/Toolbot Finale/tflite-custom-object-bookworm-main/images/spannertool18.jpg</path>
	<source>
		<database>Unknown</database>
	</source>
	<size>
		<width>640</width>
		<height>480</height>
		<depth>3</depth>
	</size>
	<segmented>0</segmented>
	<object>
		<name>redskrew</name>
		<pose>Unspecified</pose>
		<truncated>1</truncated>
		<difficult>0</difficult>
		<bndbox>
			<xmin>275</xmin>
			<ymin>1</ymin>
			<xmax>488</xmax>
			<ymax>230</ymax>
		</bndbox>
	</object>
</annotation>
